feature	log_odds	odds_ratio	standard_error	wald_pvalue	pvalue	prevalence	fit_success	effect_stable	qvalue
group_4276	14.624426494519836	2245472.4321879703	3.499606183094809	2.9295106525246265e-05	2.53424004617362e-22	0.0779436152570481	True	True	1.5425919161058825e-18
group_4417	-214.7068997491976	5.675161336160273e-94	0.0	0.0	1.0743940060079822e-20	0.0895522388059701	True	False	3.2699181572852936e-17
tagA	3.7723067051827375	43.48024535527687	0.5249365991971461	6.66126408042493e-13	1.6948634682283326e-19	0.1177446102819237	True	True	1.1462926590117624e-16
mnaA	3.7723067051827375	43.48024535527687	0.5249365991971461	6.66126408042493e-13	1.6948634682283326e-19	0.1177446102819237	True	True	1.1462926590117624e-16
cpsG	3.7723067051827375	43.48024535527687	0.5249365991971461	6.66126408042493e-13	1.6948634682283326e-19	0.1177446102819237	True	True	1.1462926590117624e-16
group_8834	3.7723067051827375	43.48024535527687	0.5249365991971461	6.66126408042493e-13	1.6948634682283326e-19	0.1177446102819237	True	True	1.1462926590117624e-16
group_8161	3.7723067051827375	43.48024535527687	0.5249365991971461	6.66126408042493e-13	1.6948634682283326e-19	0.1177446102819237	True	True	1.1462926590117624e-16
group_3096	3.7723067051827375	43.48024535527687	0.5249365991971461	6.66126408042493e-13	1.6948634682283326e-19	0.1177446102819237	True	True	1.1462926590117624e-16
group_5738	3.7723067051827375	43.48024535527687	0.5249365991971461	6.66126408042493e-13	1.6948634682283326e-19	0.1177446102819237	True	True	1.1462926590117624e-16
group_5322	10.416234176375385	33397.42821253222	1.5945116854883712	6.465734058131904e-11	4.4521854632626215e-18	0.0796019900497512	True	True	2.7100452914879577e-15
group_6101	10.451914671584024	34610.57920162634	1.5933555036992606	5.3920544499100287e-11	4.925854522179898e-18	0.0746268656716417	True	True	2.7257887705917308e-15
group_6965	2.5582064740937134	12.912637385185102	0.3238751748667344	2.8173215958584813e-15	1.461480785382584e-17	0.2371475953565505	True	True	7.413361283853157e-15
group_8057	10.10932549548382	24571.08184014489	1.5811280124443998	1.6187386137005148e-10	2.688232134873552e-17	0.0713101160862354	True	True	1.168804928926808e-14
group_7645	10.10932549548382	24571.08184014489	1.5811280124443998	1.6187386137005148e-10	2.688232134873552e-17	0.0713101160862354	True	True	1.168804928926808e-14
group_7319	3.1153659078635987	22.541677021523167	0.4176556403554691	8.706685959532316e-14	3.1493799214777285e-17	0.1293532338308457	True	True	1.2780183721356622e-14
group_8118	2.940242144365203	18.92042723245222	0.3987248171411409	1.6544192727767728e-13	1.0634639934490959e-16	0.220563847429519	True	True	4.0458158300779046e-14
rplM	-2.3683525478041143	0.0936348582334916	0.3063381094686601	1.0656111200429484e-14	1.914779827495701e-16	0.7512437810945274	True	True	6.85603812350961e-14
group_1371	3.281478680471251	26.615098844208944	0.4690038621755871	2.620641456975974e-12	2.420170657421852e-16	0.1094527363184079	True	True	8.18421043984823e-14
lacF_2	3.230695664722854	25.29724925497965	0.4698943997723319	6.183119464856096e-12	3.5255793730035694e-16	0.6053067993366501	True	True	1.1294842970248804e-13
PTS-EII_2	3.063487805621745	21.40207340934836	0.4509394457205281	1.0939360941447522e-11	1.1665940082690589e-15	0.5771144278606966	True	True	3.55052886416688e-13
wze	-2.5721594585637217	0.0763704484091554	0.3728288901983404	5.235707478397412e-12	1.3715361176349764e-15	0.3001658374792703	True	True	3.84903494782138e-13
blpPQ	2.8837727937733524	17.881609702075206	0.3979073139707482	4.250108431963464e-13	1.4543749597485089e-15	0.1940298507462686	True	True	3.84903494782138e-13
group_7711	2.8837727937733524	17.881609702075206	0.3979073139707482	4.250108431963464e-13	1.4543749597485089e-15	0.1940298507462686	True	True	3.84903494782138e-13
group_6062	-6.21700308494361	0.0019952157583411	1.236239820955657	4.931420939994999e-07	1.7509545538013968e-15	0.0796019900497512	True	True	4.440858487078793e-13
group_3149	3.0770758352062906	21.694870176553348	0.4545742056970478	1.2955132694438294e-11	2.8821826879272204e-15	0.5008291873963516	True	True	7.017538408565196e-13
wzy	-3.810012109290825	0.0221479107599209	0.5823183586633527	6.036399385636812e-11	3.570638867263817e-15	0.0961857379767827	True	True	7.762313851798162e-13
group_6122	-3.810012109290825	0.0221479107599209	0.5823183586633527	6.036399385636812e-11	3.570638867263817e-15	0.0961857379767827	True	True	7.762313851798162e-13
wchL	-3.810012109290825	0.0221479107599209	0.5823183586633527	6.036399385636812e-11	3.570638867263817e-15	0.0961857379767827	True	True	7.762313851798162e-13
group_8767	9.58990393052227	14616.465270705394	1.5509111832574454	6.273555246398677e-10	5.401629399516043e-15	0.0464344941956882	True	True	1.1337833846501432e-12
group_1002	2.273470911233527	9.713055527566627	0.3113826775184283	2.8518718287972363e-13	6.106760585795457e-15	0.2271973466003316	True	True	1.2390617228578982e-12
