feature	log_odds	odds_ratio	standard_error	wald_pvalue	pvalue	prevalence	fit_success	effect_stable	qvalue	role
feature_000	1.5396913258348586	4.663150654678113	0.2662413971961327	7.335167067189406e-09	1.689073147076904e-09	0.31	True	True	2.0268877764922847e-07	causal
feature_108	-0.780967102014705	0.4579629002294807	0.30948225463172985	0.011620519967279173	0.008933769727998723	0.21	True	True	0.3896768633524898	null
feature_041	-0.7914251400464682	0.4531984635557242	0.3181842624724332	0.012871063659863118	0.009741921583812244	0.1975	True	True	0.3896768633524898	null
feature_106	-0.7986730885794637	0.4499255795916917	0.33523674446735224	0.01719949657398556	0.013168627348247128	0.1775	True	True	0.3950588204474138	null
feature_048	0.5754482785728293	1.777927355037518	0.2725965186226067	0.034773249058928576	0.03581084759888913	0.2125	True	True	0.8594603423733392	null
feature_052	0.5414061619852761	1.7184215431193268	0.2882708793857663	0.060365292729573604	0.06156701150764749	0.1975	True	True	0.9408241022881648	null
feature_046	0.5367314975866428	1.7104072457794453	0.29006929564236383	0.06426223842902311	0.06566951609815563	0.1975	True	True	0.9408241022881648	null
feature_097	0.5441682842369241	1.7231745947342236	0.295696301427841	0.06572500892084854	0.06699493838752858	0.1925	True	True	0.9408241022881648	null
feature_049	-0.5429658891481193	0.5810224461961828	0.3168000995447984	0.08654581831468365	0.07957764461349974	0.185	True	True	0.9408241022881648	null
feature_090	-0.5300535288657644	0.5885734631652065	0.31736024359857856	0.09488076601378742	0.0885995923017201	0.195	True	True	0.9408241022881648	null
feature_074	-0.5384733649162752	0.5836385757275602	0.3294059640068704	0.10211613219287151	0.09464529322396024	0.17	True	True	0.9408241022881648	null
feature_027	-0.47857445966565254	0.6196661215233051	0.29717019948055207	0.10730206638185841	0.10327036518158117	0.4025	True	True	0.9408241022881648	lineage_marker
feature_004	0.5141763358447089	1.6722605533159725	0.3259951390679959	0.11473765753880483	0.11413240074838943	0.4175	True	True	0.9408241022881648	lineage_marker
feature_072	-0.4632631991320678	0.6292269987118487	0.2982490930169355	0.12035717862304442	0.11520636526482876	0.225	True	True	0.9408241022881648	null
feature_023	-0.4668620715158158	0.626966560996254	0.31065042651493874	0.1328768339317816	0.1285319138619613	0.42	True	True	0.9408241022881648	lineage_marker
feature_076	-0.42952863759911153	0.6508157925292336	0.29536137862934364	0.14587761459381096	0.13920915716737178	0.215	True	True	0.9408241022881648	null
feature_062	-0.4358794171564788	0.6466957016406758	0.30641835442285703	0.154881806661556	0.1475295006719127	0.2	True	True	0.9408241022881648	null
feature_075	0.4221963354954919	1.5253079673822558	0.2945525191073272	0.1517583417836952	0.15433039126471584	0.1975	True	True	0.9408241022881648	null
feature_060	0.4157476885021583	1.515503441683854	0.29230888544329925	0.15494239458092923	0.1577428383815102	0.1825	True	True	0.9408241022881648	null
feature_005	0.43558322099109154	1.545864376645931	0.3112648919863171	0.16169390349184487	0.16230929206373357	0.4225	True	True	0.9408241022881648	lineage_marker
feature_025	-0.4220076082058817	0.6557290504528449	0.308491046075331	0.17132033850138528	0.16659652555139437	0.425	True	True	0.9408241022881648	lineage_marker
feature_031	0.3737558317511339	1.4531822861612236	0.3087013304144831	0.22599657841429677	0.22626753756030538	0.39	True	True	0.9408241022881648	lineage_marker
feature_093	0.361497945121512	1.4354780722482812	0.29801573604748166	0.22512358908735486	0.22785317202046176	0.175	True	True	0.9408241022881648	null
feature_099	0.3238771581662182	1.3824774706205265	0.2778911551142962	0.24382391460306585	0.24631357979389445	0.21	True	True	0.9408241022881648	null
feature_057	0.3390473396637851	1.403609790055522	0.29155365382313586	0.24487064022127125	0.24767900312559143	0.185	True	True	0.9408241022881648	null
feature_012	-0.3518209240860725	0.7034060737840618	0.30764900623622665	0.2527983002042524	0.2490342122642266	0.4175	True	True	0.9408241022881648	lineage_marker
feature_059	0.3424672792285394	1.4084182683759794	0.2974415778783654	0.24957732716049008	0.25221109613803816	0.1775	True	True	0.9408241022881648	null
feature_102	0.37680846825003506	1.457625101147044	0.32850148724105277	0.2513599034357844	0.2537370702248163	0.165	True	True	0.9408241022881648	null
feature_007	-0.34403697990240145	0.7089027124116708	0.307478440852802	0.2631837015630293	0.2598556071949011	0.4075	True	True	0.9408241022881648	lineage_marker
feature_043	-0.3250671066634494	0.7224788688689622	0.30099760692474575	0.28015743170237717	0.27444471569457096	0.195	True	True	0.9408241022881648	null
feature_053	-0.3155942889878177	0.72935529762532	0.29698473441498213	0.2879354165607425	0.28293051298254823	0.2	True	True	0.9408241022881648	null
feature_117	0.32040449852371383	1.3776849231609607	0.29677225311397165	0.2803065700476983	0.2830216959183446	0.1675	True	True	0.9408241022881648	null
feature_098	0.32337169449093545	1.3817788550545012	0.30606188588716254	0.29071401299207233	0.2927745091988613	0.185	True	True	0.9408241022881648	null
feature_085	0.3003368856262369	1.3503136322133646	0.2957851601085031	0.30992061540306304	0.31250866724392334	0.1825	True	True	0.9408241022881648	null
feature_044	-0.29043795375208803	0.7479359344909002	0.29482313370645263	0.32456215138936084	0.31994536084890024	0.205	True	True	0.9408241022881648	null
feature_086	-0.2700330648196853	0.7633542537488115	0.27793475255989364	0.33126451808813184	0.3272500793263494	0.2425	True	True	0.9408241022881648	null
feature_021	0.2709758942019376	1.311243461433518	0.27989632302080586	0.3329796861842995	0.33410716535486507	0.4	True	True	0.9408241022881648	lineage_marker
feature_104	0.2848027669931037	1.329499781020953	0.29702266057032894	0.33762992481278875	0.3403477951344343	0.19	True	True	0.9408241022881648	null
feature_101	0.2748627463496248	1.316349988626872	0.2946853811535189	0.35095790026192997	0.3534578216263755	0.19	True	True	0.9408241022881648	null
feature_056	0.2638523774073394	1.3019359869481504	0.2884588334223766	0.3603508146580071	0.36270874875647274	0.19	True	True	0.9408241022881648	null
feature_064	0.26898724084756787	1.3086384438225624	0.29553078194579396	0.36272574546114256	0.36547741253627575	0.185	True	True	0.9408241022881648	null
feature_045	0.2539014586612736	1.2890447738113417	0.28010657032252945	0.36469987533130344	0.3669824351857438	0.2	True	True	0.9408241022881648	null
feature_011	0.273306435269956	1.314302931896567	0.31122828445680595	0.3798600253156885	0.3800686721916037	0.38	True	True	0.9408241022881648	lineage_marker
feature_087	0.25418690561905144	1.2894127802411248	0.290541644590521	0.3816432636298567	0.38406984916687315	0.185	True	True	0.9408241022881648	null
feature_088	-0.25858306890582106	0.772144887154129	0.30091257789714115	0.3901587278377784	0.3860383755162926	0.19	True	True	0.9408241022881648	null
feature_013	0.25623511135025284	1.2920564693728926	0.2985234107407087	0.39070377366839193	0.391820166951371	0.43	True	True	0.9408241022881648	lineage_marker
feature_009	0.27299387343208564	1.313892195150315	0.3190549799580182	0.392200977512961	0.3930396981022508	0.4225	True	True	0.9408241022881648	lineage_marker
feature_112	0.24929582865286815	1.2831215610522897	0.29504681595473164	0.3981462852050597	0.4003574363869208	0.1825	True	True	0.9408241022881648	null
feature_066	-0.2519693726046892	0.7772685434153382	0.31308348327303015	0.42093549752725246	0.41657694002483947	0.1725	True	True	0.9408241022881648	null
feature_118	-0.24489359255600215	0.7827878282624485	0.3115702277536362	0.43186862747367205	0.42794144379949917	0.17	True	True	0.9408241022881648	null
feature_068	-0.23296304461224104	0.7921828484077172	0.2997053965300921	0.43697778036456103	0.4336646946249594	0.195	True	True	0.9408241022881648	null
feature_080	0.24091005734979948	1.2724065865408674	0.30935221704880084	0.43612315232192755	0.4387367016518193	0.165	True	True	0.9408241022881648	null
feature_017	-0.2333082047526005	0.7919094656477005	0.30477669397884444	0.44397065269644176	0.4418380498781187	0.415	True	True	0.9408241022881648	lineage_marker
feature_032	-0.24467979984082167	0.7829552004885068	0.3200048230878351	0.4445021149823386	0.44257998262159615	0.4225	True	True	0.9408241022881648	lineage_marker
feature_063	-0.21265414208817568	0.8084356927509941	0.28578543846302495	0.4568134448882041	0.4538241471629749	0.21	True	True	0.9408241022881648	null
feature_030	-0.21938320567498718	0.8030139396873834	0.29581342314015363	0.4583133926496791	0.4568126466906187	0.375	True	True	0.9408241022881648	lineage_marker
feature_024	0.21454436322182271	1.239297098967085	0.2949388647876628	0.4669688429444443	0.4679677545726043	0.41	True	True	0.9408241022881648	lineage_marker
feature_067	-0.21625368318365001	0.8055309263013402	0.3032247979474934	0.475734744228286	0.4724583166637423	0.1925	True	True	0.9408241022881648	null
feature_084	-0.2100308655384633	0.8105592272370756	0.2998204209938334	0.48360123643283204	0.48039659185006967	0.1975	True	True	0.9408241022881648	null
feature_019	0.22138341423129548	1.247801763812399	0.31798689245340767	0.4863017372530761	0.4870828241837851	0.42	True	True	0.9408241022881648	lineage_marker
feature_078	-0.18895460674909476	0.8278240834681875	0.27553871117993	0.4928617626094337	0.49053735196211423	0.24	True	True	0.9408241022881648	null
feature_110	0.19049515753479038	1.2098485149739477	0.27814570528037047	0.4934225360516383	0.4950492781234377	0.2125	True	True	0.9408241022881648	null
feature_034	0.20601929820976475	1.2287769169612	0.30820120922248967	0.503841833234777	0.5047522575862252	0.4325	True	True	0.9408241022881648	lineage_marker
feature_033	-0.1976949410475209	0.8206201524819614	0.31526577558784413	0.5306107914222068	0.5295675005796932	0.3925	True	True	0.9408241022881648	lineage_marker
feature_018	0.18554252170462482	1.203871389350417	0.29661692570423065	0.531623848677247	0.5320765061308248	0.38	True	True	0.9408241022881648	lineage_marker
feature_065	-0.18827673789270188	0.8283854298710694	0.31175399591809827	0.5458920012897241	0.5433293497991778	0.1775	True	True	0.9408241022881648	null
feature_069	-0.15985395174230682	0.8522682521704897	0.28669011874857525	0.5771281783344633	0.5753012056712352	0.21	True	True	0.9408241022881648	null
feature_050	0.16353746374600167	1.1776694742710418	0.2925430670339347	0.5761479811809885	0.5776008068141985	0.1875	True	True	0.9408241022881648	null
feature_111	-0.15076290837593861	0.8600515855155039	0.2825455405747749	0.5936266161390018	0.5919681502351004	0.2225	True	True	0.9408241022881648	null
feature_042	-0.16761188355995604	0.8456819940834636	0.3221592179192645	0.6028708439973836	0.600668954693218	0.1625	True	True	0.9408241022881648	null
feature_077	-0.15177409049181323	0.8591823562820935	0.29843647807498264	0.6110577708155109	0.6094420823454381	0.1975	True	True	0.9408241022881648	null
feature_038	-0.15205524781389418	0.8589408248273817	0.3039958894337701	0.6169423553760072	0.6152917894429019	0.1725	True	True	0.9408241022881648	null
feature_026	0.14590095255377294	1.1570815763996756	0.29308894019697673	0.6186219419563868	0.61923772469815	0.41	True	True	0.9408241022881648	lineage_marker
feature_055	-0.15107225362491278	0.8597855737905049	0.3090387161388324	0.6249509269411849	0.6231608785924598	0.1825	True	True	0.9408241022881648	null
feature_040	-0.15006932519338567	0.8606483097463694	0.31298720779134676	0.6316012406541394	0.6300703632990496	0.18	True	True	0.9408241022881648	null
feature_010	0.1474461831711492	1.1588709163937625	0.3092710276418098	0.6335373428288431	0.6340222361537757	0.415	True	True	0.9408241022881648	lineage_marker
feature_047	-0.13309930201948825	0.8753781609734234	0.2929121279368132	0.6495408759979142	0.6482619949275212	0.1975	True	True	0.9408241022881648	null
feature_070	0.13047096175074488	1.139364854252558	0.2924066590343575	0.6554549801366475	0.656345302535853	0.1975	True	True	0.9408241022881648	null
feature_029	0.12706638500480685	1.1354923949475988	0.29251878487392174	0.6640073678644979	0.6644910627293509	0.4025	True	True	0.9408241022881648	lineage_marker
feature_119	0.13604089492621688	1.1457287471293978	0.3189551157662923	0.6697286146577134	0.6706699106058744	0.18	True	True	0.9408241022881648	null
feature_003	-0.1268930630968959	0.880827860564559	0.3123917306230482	0.6845967309603749	0.6839061030534985	0.43	True	True	0.9408241022881648	lineage_marker
feature_081	-0.11499925999545664	0.8913668035220718	0.30233601335716	0.7036714910541715	0.7026048356230558	0.1875	True	True	0.9408241022881648	null
feature_028	0.11499132990534182	1.1218637108652059	0.3065366664464048	0.7075632281582152	0.7080020637025644	0.445	True	True	0.9408241022881648	lineage_marker
feature_037	-0.10976003524872266	0.8960491297064989	0.3072919151859649	0.7209533814480773	0.7203331357192255	0.215	True	True	0.9408241022881648	null
feature_008	-0.10265029798702549	0.9024425042677615	0.2948246511199374	0.7277094619228998	0.7272327281099094	0.42	True	True	0.9408241022881648	lineage_marker
feature_092	-0.09372968294591622	0.9105288604562128	0.27255696890119385	0.730928827959443	0.7303163847904133	0.2275	True	True	0.9408241022881648	null
feature_006	-0.10278097465939659	0.9023245837891932	0.30051369737672545	0.7323376444332412	0.7319307306192039	0.3975	True	True	0.9408241022881648	lineage_marker
feature_002	-0.0953666816297934	0.9090395452461177	0.2874948177280773	0.7401035847836474	0.7397299720077863	0.3925	True	True	0.9408241022881648	lineage_marker
feature_100	0.10045872723756856	1.1056780063766531	0.3024176563186604	0.739749274757854	0.7403669803534336	0.175	True	True	0.9408241022881648	null
feature_094	-0.09013053878799354	0.9138118895885197	0.2801584008432361	0.7476702929343823	0.7470873329779053	0.225	True	True	0.9408241022881648	null
feature_115	0.0940485445446154	1.098613076294211	0.2993301210841617	0.7533716278608295	0.7539033770155956	0.185	True	True	0.9408241022881648	null
feature_036	0.08967453540102983	1.0938182266558862	0.2866282864588536	0.7543870027049036	0.7548984752478004	0.2	True	True	0.9408241022881648	null
feature_107	-0.08416845281697083	0.9192763883543442	0.28307723347092684	0.7662116163359194	0.7657355201894385	0.2225	True	True	0.9408241022881648	null
feature_105	-0.08762094499891722	0.9161080662612519	0.2951704970992181	0.7665821093246119	0.7660293190778393	0.19	True	True	0.9408241022881648	null
feature_083	-0.0826814586905373	0.9206443637780395	0.28145371208049996	0.7689369141982177	0.7684200133649693	0.215	True	True	0.9408241022881648	null
feature_051	-0.08765453554698793	0.9160772942060421	0.3083504437374361	0.7762040838003202	0.7756097382036683	0.17	True	True	0.9408241022881648	null
feature_035	-0.08043844543175188	0.922711698955978	0.2936462350289828	0.7841385936420544	0.7838398609279559	0.425	True	True	0.9408241022881648	lineage_marker
feature_039	-0.07148130664242319	0.931013681203847	0.27754771783901483	0.796757303833107	0.7963841976246935	0.22	True	True	0.9408241022881648	null
feature_001	0.0666911806113165	1.0689653099825018	0.2663112044549791	0.8022581255165062	0.802447253933292	0.3825	True	True	0.9408241022881648	lineage_marker
feature_071	-0.06707658961708442	0.9351235778372502	0.2762782665093902	0.8081709168016303	0.8078584245144025	0.2225	True	True	0.9408241022881648	null
feature_054	0.06840935795262222	1.0708035607249122	0.28576059241401297	0.810800118185561	0.8111069328409563	0.2075	True	True	0.9408241022881648	null
feature_015	-0.0639620935352539	0.9380405566580942	0.28377775020711266	0.8216719803692547	0.8214789733998227	0.4025	True	True	0.9408241022881648	lineage_marker
feature_109	0.06337373995431597	1.0654249567051142	0.28273552915099465	0.8226445201167916	0.8228874673033774	0.2275	True	True	0.9408241022881648	null
feature_091	-0.06351087508463218	0.9384639133706868	0.2901522004794872	0.8267371864280644	0.8264328944109329	0.195	True	True	0.9408241022881648	null
feature_061	0.06179397414935991	1.0637431635601806	0.283576652088677	0.827499823785307	0.8277554519962627	0.21	True	True	0.9408241022881648	null
feature_095	0.07007948425625804	1.0725934321573416	0.329920343715775	0.8317845744175474	0.8319904914642028	0.165	True	True	0.9408241022881648	null
feature_014	-0.06802075058245634	0.9342410873293595	0.33494283953965504	0.8390711998872512	0.838901491206947	0.435	True	True	0.9408241022881648	lineage_marker
feature_116	-0.05656617602107277	0.9450039458248567	0.3018417279360275	0.8513443311872324	0.8510916349414932	0.1775	True	True	0.9456573721572147	null
feature_079	-0.038580558699336416	0.9621541917274391	0.2780654846445514	0.889650625401617	0.8895413429021505	0.22	True	True	0.9572529195116447	null
feature_114	0.03694702117229758	1.037638046534648	0.2872238629923878	0.897646526701523	0.8977437416922824	0.21	True	True	0.9572529195116447	null
feature_073	0.03422276235768117	1.0348150989058706	0.2840842551230885	0.9041132629294476	0.9041933825067678	0.2075	True	True	0.9572529195116447	null
feature_016	0.03974554487249419	1.040545968246176	0.33267740540193713	0.9049016364640751	0.9049527921105808	0.4375	True	True	0.9572529195116447	lineage_marker
feature_113	0.033451003528421966	1.034016779311361	0.28413938383930526	0.906283620461593	0.9063607859645618	0.215	True	True	0.9572529195116447	null
feature_020	-0.03318555632463812	0.9673590433456712	0.2917343942168079	0.9094338858648678	0.9093902735360624	0.405	True	True	0.9572529195116447	lineage_marker
feature_058	0.030954943869847828	1.0314390301883798	0.3352509285121377	0.9264329490414122	0.9264893627935705	0.155	True	True	0.9631208091078738	null
feature_096	-0.02579118722310547	0.9745385644677721	0.2981637498026143	0.9310688951143952	0.9310167821376113	0.1925	True	True	0.9631208091078738	null
feature_022	-0.020845035808247342	0.9793707202028938	0.28769272145706826	0.9422390978030843	0.9422217817544685	0.3925	True	True	0.9663813146199676	lineage_marker
feature_082	0.016310209485434893	1.0164439470587796	0.30879708145905543	0.9578764932405335	0.9578947927325719	0.1875	True	True	0.974130297694141	null
feature_089	-0.008470200037758994	0.9915655710392737	0.2892068786504334	0.97663514842719	0.9766297901501374	0.1975	True	True	0.9848367631766091	null
feature_103	0.0029485005180857307	1.0029528516210973	0.2728702364330736	0.9913786227036018	0.9913792116611074	0.235	True	True	0.9913792116611074	null
