feature	odds_ratio	pvalue	prevalence	qvalue	role
feature_004	4.143850267379679	2.71185641123806e-10	0.4175	3.254227693485672e-08	lineage_marker
feature_005	3.8045454545454547	2.515341786275112e-09	0.4225	1.509205071765067e-07	lineage_marker
feature_031	3.686	6.115904519292109e-09	0.39	2.4463618077168435e-07	lineage_marker
feature_009	3.61504640937958	9.79939429163807e-09	0.4225	2.675681966576759e-07	lineage_marker
feature_011	3.575936883629191	1.1148674860736496e-08	0.38	2.675681966576759e-07	lineage_marker
feature_019	3.493903896724839	1.9163896788923435e-08	0.42	3.832779357784687e-07	lineage_marker
feature_013	3.2713337908945324	8.32320325717724e-08	0.43	1.2764010764524308e-06	lineage_marker
feature_016	3.276887871853547	8.509340509682872e-08	0.4375	1.2764010764524308e-06	lineage_marker
feature_010	3.2664526484751204	1.1789246901554844e-07	0.415	1.4431048836654774e-06	lineage_marker
feature_024	3.212727272727273	1.28302051170451e-07	0.41	1.4431048836654774e-06	lineage_marker
feature_034	3.2186509732910817	1.4380989656394345e-07	0.4325	1.4431048836654774e-06	lineage_marker
feature_018	3.2333333333333334	1.4431048836654776e-07	0.38	1.4431048836654774e-06	lineage_marker
feature_000	3.3125	2.1395382849929288e-07	0.31	1.97495841691655e-06	causal
feature_014	3.167077267637178	2.599075389645494e-07	0.435	2.2277789054104236e-06	lineage_marker
feature_028	3.1233362910381546	2.8982807201045947e-07	0.445	2.3186245760836758e-06	lineage_marker
feature_021	3.110912343470483	3.4270607773975e-07	0.4	2.570295583048125e-06	lineage_marker
feature_026	3.0568407138136156	4.2036487070352336e-07	0.41	2.967281440260165e-06	lineage_marker
feature_029	2.9112349914236706	1.2649415717621593e-06	0.4025	8.43294381174773e-06	lineage_marker
feature_003	2.8183333333333334	2.6393317416372654e-06	0.43	1.6669463631393256e-05	lineage_marker
feature_033	2.821987315010571	3.1304349188612165e-06	0.3925	1.8782609513167298e-05	lineage_marker
feature_006	2.728512396694215	5.827670257336387e-06	0.3975	3.330097289906507e-05	lineage_marker
feature_020	2.725925925925926	6.114520030562955e-06	0.405	3.33519274394343e-05	lineage_marker
feature_032	2.6813765182186233	7.410614798869602e-06	0.4225	3.8664077211493575e-05	lineage_marker
feature_022	2.6867816091954024	9.09326929479879e-06	0.3925	4.546634647399395e-05	lineage_marker
feature_035	2.6386217948717947	1.1878736571617258e-05	0.425	5.701793554376284e-05	lineage_marker
feature_008	2.595233366434955	1.8715968492760215e-05	0.42	8.63813930435087e-05	lineage_marker
feature_017	2.5531914893617023	1.9850048289398445e-05	0.415	8.822243684177087e-05	lineage_marker
feature_002	2.5586124401913874	2.5145523543781445e-05	0.3925	0.00010776652947334906	lineage_marker
feature_015	2.5137362637362637	2.9001076795225624e-05	0.4025	0.00012000445570438189	lineage_marker
feature_030	2.488095238095238	3.82537737024143e-05	0.375	0.0001530150948096572	lineage_marker
feature_007	2.432795698924731	7.331113571907364e-05	0.4075	0.0002837850414931883	lineage_marker
feature_012	2.393560606060606	7.980805804177097e-05	0.4175	0.0002992802176566411	lineage_marker
feature_001	2.364367816091954	0.00010252178823248963	0.3825	0.0003728065026635987	lineage_marker
feature_025	2.2819100091827367	0.00020157259463554286	0.425	0.0007114326869489748	lineage_marker
feature_023	2.2448979591836733	0.00030085862868307466	0.42	0.0010315152983419703	lineage_marker
feature_027	2.0726315789473686	0.0009768333770095235	0.4025	0.0032561112566984116	lineage_marker
feature_048	1.9573970037453183	0.008568379959203596	0.2125	0.02778934040822788	null
feature_097	1.8548387096774193	0.020322716843066472	0.1925	0.06417700055705201	null
feature_041	0.5332938739271974	0.04197871509687669	0.1975	0.12916527722115903	null
feature_106	0.5260617760617761	0.04794587730752424	0.1775	0.14383763192257273	null
feature_052	1.644182888184699	0.059275912549922316	0.1975	0.1734904757558702	null
feature_108	0.5709561466570813	0.0637270758099305	0.21	0.1820773594569443	null
feature_059	1.651448208149239	0.06787925111744954	0.1775	0.1894304682347429	null
feature_062	0.6200398345334763	0.10706301441119104	0.2	0.2919900393032483	null
feature_117	1.5954545454545455	0.11222561178621851	0.1675	0.2992682980965827	null
feature_076	0.6430769230769231	0.1177288438036222	0.215	0.307118722965971	null
feature_049	0.6488095238095238	0.1660847504107351	0.185	0.41577683752096856	null
feature_085	1.453968253968254	0.16631073500838744	0.1825	0.41577683752096856	null
feature_093	1.4651162790697674	0.20190441374292578	0.175	0.4944597887581855	null
feature_090	0.7026675341574495	0.22518827686922543	0.195	0.5315763346868095	null
feature_045	1.4	0.22591994224189407	0.2	0.5315763346868095	null
feature_099	1.3606752730883813	0.23670533894417503	0.21	0.5462430898711731	null
feature_102	1.4066650567495773	0.24662405816828464	0.165	0.5583940939659275	null
feature_074	0.6819571865443425	0.25177285764862894	0.17	0.5594952392191754	null
feature_060	1.3517786561264822	0.26803106177289077	0.1825	0.5847950438681253	null
feature_056	1.3452380952380953	0.2746245622781287	0.19	0.5884812048817043	null
feature_046	1.339381443298969	0.2809956574702191	0.1975	0.5915698052004612	null
feature_086	0.7433802816901408	0.31499946271029433	0.2425	0.6517230262971607	null
feature_098	1.3172147001934236	0.3327485333580733	0.185	0.6545872787371935	null
feature_087	1.3172147001934236	0.3327485333580733	0.185	0.6545872787371935	null
feature_057	1.3172147001934236	0.3327485333580733	0.185	0.6545872787371935	null
feature_084	0.7448275862068966	0.344541663184327	0.1975	0.6668548319696652	null
feature_112	1.2557446808510637	0.40606481917660014	0.1825	0.7614098280176922	null
feature_067	0.7785714285714286	0.41467651240322667	0.1925	0.7614098280176922	null
feature_043	0.7614035087719299	0.41503924237160217	0.195	0.7614098280176922	null
feature_075	1.2492997198879552	0.4187754054097307	0.1975	0.7614098280176922	null
feature_110	1.2443181818181819	0.430471957734749	0.2125	0.7709945511667146	null
feature_072	0.7958872810357959	0.44018348640129223	0.225	0.7767943877669863	null
feature_078	0.8102766798418972	0.4512688438227349	0.24	0.7848153805612781	null
feature_066	0.7955140186915888	0.4787358362423367	0.1725	0.8206900049868628	null
feature_055	0.7867568529725881	0.486233887973753	0.1825	0.821803754321836	null
feature_081	0.8148148148148148	0.4942590436380385	0.1875	0.8237650727300642	null
feature_044	0.8137238769129505	0.5061585988525004	0.205	0.8320415323602746	null
feature_111	0.812190594059406	0.5177589828384238	0.2225	0.8396091613596062	null
feature_042	0.8049645390070922	0.5599327572612356	0.1625	0.8882381741545897	null
feature_095	1.1995935877173176	0.5625508436312401	0.165	0.8882381741545897	null
feature_065	0.825009248982612	0.5741441424902586	0.1775	0.8890422647867684	null
feature_101	1.1648	0.5848695761967717	0.19	0.8890422647867684	null
feature_096	0.8423076923076923	0.5868388479373641	0.1925	0.8890422647867684	null
feature_053	0.8501107136773973	0.5926948431911789	0.2	0.8890422647867684	null
feature_071	1.138771186440678	0.6071894500980611	0.2225	0.8893965727742383	null
feature_092	1.163859649122807	0.6077543247290629	0.2275	0.8893965727742383	null
feature_040	0.8745098039215686	0.6766481808851925	0.18	0.9458158735937878	null
feature_064	1.1365932511618508	0.6781337246935117	0.185	0.9458158735937878	null
feature_088	0.8618233618233618	0.6811008874203431	0.19	0.9458158735937878	null
feature_082	0.8820754716981132	0.6819183986450816	0.1875	0.9458158735937878	null
feature_077	0.8692787794729542	0.6857165083554961	0.1975	0.9458158735937878	null
feature_037	0.8643077422496348	0.6944241474884756	0.215	0.9469420193024667	null
feature_080	1.1057692307692308	0.7722047590247209	0.165	0.9661643133943599	null
feature_118	0.8883647798742138	0.7749258742928777	0.17	0.9661643133943599	null
feature_100	1.0784961784755216	0.7786828669901673	0.175	0.9661643133943599	null
feature_050	1.108910891089109	0.7828257579661249	0.1875	0.9661643133943599	null
feature_104	1.0823141137643175	0.7847417251326476	0.19	0.9661643133943599	null
feature_068	0.889143865842895	0.7859836165636027	0.195	0.9661643133943599	null
feature_070	1.0841509433962264	0.7875443596483153	0.1975	0.9661643133943599	null
feature_063	0.9019969793589528	0.7918163992199342	0.21	0.9661643133943599	null
feature_069	0.9019969793589528	0.7918163992199342	0.21	0.9661643133943599	null
feature_114	0.9019969793589528	0.7918163992199342	0.21	0.9661643133943599	null
feature_094	0.9134199134199135	0.7970855585503469	0.225	0.9661643133943599	null
feature_058	1.0422282120395328	0.8826868732135317	0.155	0.9786641821387624	null
feature_119	0.9476923076923077	0.8894783055928217	0.18	0.9786641821387624	null
feature_115	1.0541176470588236	0.8899801942186547	0.185	0.9786641821387624	null
feature_047	0.9368983957219251	0.8927204192283571	0.1975	0.9786641821387624	null
feature_091	1.0321315150382964	0.8928269266304638	0.195	0.9786641821387624	null
feature_036	1.0592592592592593	0.8930546235298258	0.2	0.9786641821387624	null
feature_073	1.0616883116883118	0.8944746144747756	0.2075	0.9786641821387624	null
feature_061	1.0382775119617225	0.8953814463529971	0.21	0.9786641821387624	null
feature_083	0.9273333333333333	0.8958242999615733	0.215	0.9786641821387624	null
feature_113	0.9273333333333333	0.8958242999615733	0.215	0.9786641821387624	null
feature_107	0.9325513196480938	0.8971088336271988	0.2225	0.9786641821387624	null
feature_039	1.019047619047619	1.0	0.22	1.0	null
feature_038	1.0216857610474632	1.0	0.1725	1.0	null
feature_051	0.9659574468085106	1.0	0.17	1.0	null
feature_054	0.9898245614035087	1.0	0.2075	1.0	null
feature_089	1.0084341767510083	1.0	0.1975	1.0	null
feature_079	1.019047619047619	1.0	0.22	1.0	null
feature_109	1.0222813435317593	1.0	0.2275	1.0	null
feature_105	1.004524886877828	1.0	0.19	1.0	null
feature_103	1.025390625	1.0	0.235	1.0	null
feature_116	0.9713500784929356	1.0	0.1775	1.0	null
