feature	role
feature_000	causal
feature_001	lineage_marker
feature_002	lineage_marker
feature_003	lineage_marker
feature_004	lineage_marker
feature_005	lineage_marker
feature_006	lineage_marker
feature_007	lineage_marker
feature_008	lineage_marker
feature_009	lineage_marker
feature_010	lineage_marker
feature_011	lineage_marker
feature_012	lineage_marker
feature_013	lineage_marker
feature_014	lineage_marker
feature_015	lineage_marker
feature_016	lineage_marker
feature_017	lineage_marker
feature_018	lineage_marker
feature_019	lineage_marker
feature_020	lineage_marker
feature_021	lineage_marker
feature_022	lineage_marker
feature_023	lineage_marker
feature_024	lineage_marker
feature_025	lineage_marker
feature_026	lineage_marker
feature_027	lineage_marker
feature_028	lineage_marker
feature_029	lineage_marker
feature_030	lineage_marker
feature_031	lineage_marker
feature_032	lineage_marker
feature_033	lineage_marker
feature_034	lineage_marker
feature_035	lineage_marker
feature_036	null
feature_037	null
feature_038	null
feature_039	null
feature_040	null
feature_041	null
feature_042	null
feature_043	null
feature_044	null
feature_045	null
feature_046	null
feature_047	null
feature_048	null
feature_049	null
feature_050	null
feature_051	null
feature_052	null
feature_053	null
feature_054	null
feature_055	null
feature_056	null
feature_057	null
feature_058	null
feature_059	null
feature_060	null
feature_061	null
feature_062	null
feature_063	null
feature_064	null
feature_065	null
feature_066	null
feature_067	null
feature_068	null
feature_069	null
feature_070	null
feature_071	null
feature_072	null
feature_073	null
feature_074	null
feature_075	null
feature_076	null
feature_077	null
feature_078	null
feature_079	null
feature_080	null
feature_081	null
feature_082	null
feature_083	null
feature_084	null
feature_085	null
feature_086	null
feature_087	null
feature_088	null
feature_089	null
feature_090	null
feature_091	null
feature_092	null
feature_093	null
feature_094	null
feature_095	null
feature_096	null
feature_097	null
feature_098	null
feature_099	null
feature_100	null
feature_101	null
feature_102	null
feature_103	null
feature_104	null
feature_105	null
feature_106	null
feature_107	null
feature_108	null
feature_109	null
feature_110	null
feature_111	null
feature_112	null
feature_113	null
feature_114	null
feature_115	null
feature_116	null
feature_117	null
feature_118	null
feature_119	null
