sample_id	PC1	PC2
sample_000	3.7956253221774134	-0.06077582970403038
sample_001	-4.080512568286782	1.9583898000895734
sample_002	5.08830769523514	-1.1352903177566862
sample_003	3.856952452198312	-0.5012655850496456
sample_004	-3.9154266810763483	2.035383457978501
sample_005	3.6355208061484228	0.3612150887090947
sample_006	5.479017905813283	-0.18560428734414477
sample_007	3.6549867047447786	-0.7104196367501896
sample_008	-4.354123636540332	1.9253843498194132
sample_009	-3.906308277326298	2.726693299329304
sample_010	-3.6855017003792447	3.1604621118182763
sample_011	3.2968722323493806	1.4176745182405872
sample_012	6.3603033055331935	-0.14147329302934442
sample_013	3.4830632779931467	0.7789242302602603
sample_014	-4.230899941374725	-1.530901896946251
sample_015	-3.216008080324151	1.4970534480573068
sample_016	4.204848687079487	0.6090964040107963
sample_017	-3.9708820498137283	1.9846695335556732
sample_018	3.60199411613547	-0.6015756563547136
sample_019	5.507674215177177	-0.5592765982450193
sample_020	4.93009039251546	-1.1475200252164033
sample_021	-2.593752236457948	-0.5844556602999886
sample_022	3.652538869836	-1.4083767018343833
sample_023	4.731675855178983	-1.7549045865455402
sample_024	4.425155568524868	-2.501270318192472
sample_025	-3.3552679742656166	0.3615558545550447
sample_026	-4.240568249067355	0.6249322700912853
sample_027	-3.9218820481750907	-2.506878370596603
sample_028	-3.918393009901145	-0.9515184300026797
sample_029	4.448965540730288	-1.1621828681668147
sample_030	4.411080471370224	-0.7079488197094446
sample_031	4.685944208284342	-0.2508937944808558
sample_032	-3.948307071595883	2.262374898866699
sample_033	-4.178238694774543	-0.5462988954998309
sample_034	-2.0222997215108096	-1.356516385127888
sample_035	-3.9994003774336315	0.21901381447990018
sample_036	-3.373057958790551	1.0115595934891104
sample_037	-4.532124142091251	1.8265831833551187
sample_038	-5.0771413861078285	-0.792294616360658
sample_039	3.6948348792833445	-0.62569376490353
sample_040	-4.800516884150163	0.0261976993717839
sample_041	3.849881332847574	-1.8609565994022188
sample_042	4.417812479726777	0.33059900618976
sample_043	-4.753362893377926	-1.1338802980005558
sample_044	4.21208736803118	1.5374167168369464
sample_045	4.1568006445155135	-0.9107457195389683
sample_046	-3.941841589267131	-1.2997687886803635
sample_047	-3.665778825343868	0.22143316895680373
sample_048	3.6588215361195804	-1.1844819489627694
sample_049	-3.2704983126729434	-1.081561452802238
sample_050	-4.813781996007055	-0.196997330166609
sample_051	-3.42394848635406	1.5987181519686071
sample_052	3.646717071836134	-0.7838603469199447
sample_053	3.5431530311009616	-1.133913280721489
sample_054	4.687102691298526	0.4020150962998179
sample_055	4.393359895640844	-0.5359107002959689
sample_056	-4.391003788596978	2.7783488675157817
sample_057	4.321071264061063	-1.5418453714719378
sample_058	-4.46002116169381	-0.5760419499993303
sample_059	-4.133702279911334	-1.768836567682748
sample_060	2.2981221227146205	-2.0405370786944097
sample_061	-4.2261319917751745	-0.2549756980730012
sample_062	3.897754960639142	3.4504749489355917
sample_063	3.305104771604656	1.9713553484456463
sample_064	3.608272970663098	0.336895887865681
sample_065	5.491564180360203	0.17551809739728585
sample_066	2.744132781878729	-2.840142948711005
sample_067	-4.191539693738527	1.6968875504399061
sample_068	-3.870541066768963	-0.6361207622073688
sample_069	-3.933164872988915	0.9982180775453441
sample_070	-3.7177133268684157	-0.68972698263927
sample_071	-4.321920554138244	-1.6166351634371594
sample_072	4.163222954812431	-0.869966938944087
sample_073	-4.197074229706941	0.21255491904394822
sample_074	-4.436198219679959	-0.6564353194742384
sample_075	-3.9275831180830165	0.09124849225330292
sample_076	-4.832434777391469	-3.046330541213529
sample_077	4.883478163735841	-1.058203649749762
sample_078	4.346469697950828	-0.058384915855572844
sample_079	3.1779855419570664	-2.3152108230578166
sample_080	4.790962986733292	-2.4292622188055963
sample_081	-4.2771406762122215	-0.13494815328012452
sample_082	3.7753143151815083	-0.9665598353437678
sample_083	-4.350348988627014	2.051201645550167
sample_084	-3.425125066912912	0.47954754827048446
sample_085	-3.925834303218512	1.4196970997086171
sample_086	4.450413392858033	0.054240655195413254
sample_087	-4.703396424542131	0.582339326068842
sample_088	-4.23442102280603	2.7202952161579836
sample_089	3.738667817995816	1.6233275391069757
sample_090	-3.9270347596983997	-3.9063831962547146
sample_091	4.471236158398568	4.099497684614342
sample_092	-2.941402146354617	1.7875402543529542
sample_093	-3.6532337977549214	0.22496690742227837
sample_094	-4.095013965584151	-0.8818279336679395
sample_095	3.131601978148982	1.150124917664147
sample_096	-4.457812116784663	-2.6119073626529334
sample_097	-4.5570623512218615	2.4471072845230912
sample_098	-4.077521401097887	1.200115301188459
sample_099	5.407161581903437	-1.5490713233127142
sample_100	3.983906273284646	-0.4209293143269087
sample_101	4.6165341498582615	0.5141569380026497
sample_102	-3.6686438726655095	-1.7248455258416484
sample_103	3.9404558814014443	1.6630100754000616
sample_104	3.8295454591790334	1.207233758437786
sample_105	4.20179849039597	0.88357865506788
sample_106	-4.934702789248763	-1.636795409139559
sample_107	-3.382758185278678	1.6698877281583642
sample_108	-3.7212920714482776	0.5779491507645256
sample_109	3.454682079681349	-1.0489431479029738
sample_110	-4.531402903125652	0.04170305326782815
sample_111	-2.8852838134611054	-1.7793246833960976
sample_112	-3.6034603452322025	-0.7488464240694799
sample_113	3.401665130193677	1.0156541940094657
sample_114	-3.9610278935420062	-1.8010737647283206
sample_115	3.5734867976567335	-2.3760272540095526
sample_116	3.9315194176111845	2.268978163933622
sample_117	5.81840918920826	-0.12904098012985918
sample_118	-3.6685901105030068	-1.0332856655049716
sample_119	5.7228180001254	1.5690352637237044
sample_120	4.420923563177565	-2.3787838385352806
sample_121	3.617463982220399	0.4007973349896343
sample_122	-4.5965255436623105	-0.10957450212416643
sample_123	-3.9049216428622024	-0.353875480279352
sample_124	-3.255609429435408	-2.2357857342363494
sample_125	-3.839193933926376	-0.3298393665585742
sample_126	-3.283630950254145	-0.18007205755287564
sample_127	-4.391802760207302	-0.24443550546032963
sample_128	-3.1411511453007046	-1.2962430828434781
sample_129	3.3444962909399867	-0.025774890536121177
sample_130	-4.503736378441436	0.954246063541792
sample_131	5.430547211631674	0.7695362385634799
sample_132	2.975544853588011	1.1904995527775
sample_133	-4.637085818434113	-0.6455196654552793
sample_134	4.939208502895612	0.2789419228438102
sample_135	-4.237925663510981	0.5688281310518988
sample_136	4.189810718783433	-0.4278368242111283
sample_137	-3.6773954160752043	1.8416492662885953
sample_138	2.915749698017347	-2.340380288662833
sample_139	-4.337809263028351	-1.616008765125131
sample_140	-5.026790352320653	-0.31699862660725275
sample_141	-3.0543112095093514	1.3706937017045577
sample_142	4.650688273100192	0.341681208409783
sample_143	4.313642995939637	2.772687438815468
sample_144	-4.574063828868924	-1.6249417561014667
sample_145	-5.030160747269957	-2.3256654658449403
sample_146	-2.847263377332509	2.2814841823069316
sample_147	4.506935007828579	-0.9999650519605914
sample_148	-4.309915325938363	0.1870915196496214
sample_149	-3.1446124836647207	2.2959841210969363
sample_150	4.885155990224995	3.3079197162431533
sample_151	5.025395017703301	1.3171015820074927
sample_152	-4.519075028648562	1.7784520081249862
sample_153	5.328486040431094	-2.654503376744409
sample_154	-4.305964089384184	-2.5920741631968043
sample_155	6.139403313071119	-1.5670225727409075
sample_156	-4.294152766551159	0.052298523974462566
sample_157	2.9164010188822584	-0.5151518071326922
sample_158	4.123650936649125	-2.5903418283810296
sample_159	4.262670939608764	-1.146499632389209
sample_160	-3.891428866699038	-0.19685174197156535
sample_161	3.9443262668020975	0.359847297025802
sample_162	-4.449682773159349	-0.44874573723435857
sample_163	-4.366198238462727	0.40834003138825087
sample_164	3.585394828884123	-2.524350738173182
sample_165	-3.827409528319817	-0.1863937799724591
sample_166	4.747692768690119	-0.07793485765719066
sample_167	2.535244074587664	1.031410186127597
sample_168	-3.473130681485004	1.943187997146416
sample_169	3.19796312697703	-2.374309664209201
sample_170	-3.532525389458109	0.1544869334232327
sample_171	4.731063261188624	-0.3578665024539021
sample_172	-3.749458819399177	-1.8211258704523219
sample_173	2.989961330940858	0.4327907956565952
sample_174	-3.9723548660004138	0.0713221212747284
sample_175	-4.174383834644752	1.2873782630855983
sample_176	-4.311573022226118	-0.818100629110469
sample_177	4.855923606222419	1.2544171275389102
sample_178	3.113661294598554	-2.697116279995611
sample_179	3.425156135173401	-1.407949789208799
sample_180	5.5381949869217575	1.8917976214584287
sample_181	2.4829950221106554	1.380554367796518
sample_182	4.103432859198557	0.5796351352772673
sample_183	-3.8185459832879998	-0.7180896517524449
sample_184	5.858851849803546	-2.3401609839002426
sample_185	5.0347765264809885	-0.7930629820463744
sample_186	-3.7577475775802935	0.31983958049290195
sample_187	-3.8992805040964096	1.2919215422750028
sample_188	3.761649376954816	-0.5750562516472537
sample_189	-4.2941944791479525	0.5319829534714502
sample_190	3.3290956686648077	1.1103729462511902
sample_191	-3.957054931810943	-0.13968683475904128
sample_192	-3.7057165372443674	0.5526113497311672
sample_193	4.01074266437211	0.5340685792820201
sample_194	-4.227341293000758	-0.754131019436537
sample_195	-4.122302573146538	-2.4287447542436684
sample_196	4.155615507225999	-2.4197557638243326
sample_197	5.099060825789761	-1.7841664180287435
sample_198	-3.6229038735592782	-0.1516411022775041
sample_199	-4.690753716673689	0.7637727244071757
sample_200	3.9626553841403536	1.3277426468468267
sample_201	3.9525863614519743	-1.0178520968368452
sample_202	4.185427375926862	-0.9520076673224526
sample_203	-3.8916008892383553	-4.618775275074476
sample_204	-4.051075135232902	-0.9226598673756947
sample_205	-3.8399898685865264	0.9584043203514034
sample_206	-3.2334877843130743	1.4802959543147902
sample_207	4.795622132922251	0.42940778168361243
sample_208	-4.677504640913134	0.6388190467325797
sample_209	4.094082985485439	1.5672946232507425
sample_210	2.8748230555978433	1.4657389585474532
sample_211	3.0237039143048023	1.4077916418716143
sample_212	-4.985406373158829	0.759218140360699
sample_213	4.570387077266992	0.6681084829213999
sample_214	1.04308538750408	-0.8585125819655806
sample_215	4.872684477580313	1.384000937203055
sample_216	-3.537681505182357	-1.8556191819341625
sample_217	-4.314426294749583	0.6764464461647238
sample_218	3.6718023118820433	0.013456706351622449
sample_219	-3.2369612561746464	1.3987275236913608
sample_220	-4.6132868567543035	1.9745786864999402
sample_221	-3.93052513709124	-0.21680737825732233
sample_222	3.2892596737381754	-2.3002840840938044
sample_223	3.0088805347812997	-0.43629339752346447
sample_224	-4.697156072608048	2.6375799122156693
sample_225	4.996412105003472	-0.36738081612470086
sample_226	-4.006600277996593	0.19241714933220627
sample_227	2.0749884051307634	1.1539212629510187
sample_228	3.9807098735307127	-1.9409905294296874
sample_229	-3.21012289497943	-1.5569169437775048
sample_230	-4.373484499800501	0.40856975959392716
sample_231	-3.921256572233403	-0.5704287141297149
sample_232	5.430437898066728	2.868440563527163
sample_233	2.4995045562417726	2.822854871466761
sample_234	3.656853665435122	2.668241208407308
sample_235	4.914241654124465	0.8480245297569522
sample_236	-4.617720746000479	-2.4595305368768967
sample_237	3.9621481573867223	-0.3933763318687514
sample_238	-4.541224177362599	1.2014301453053104
sample_239	-3.8890033227325755	0.08197634991003593
sample_240	5.559117142553865	2.7442699248494957
sample_241	1.9989044854973808	-2.170257447736039
sample_242	-4.00823465033271	-0.20413810547424524
sample_243	3.004506658583573	2.0836130115696703
sample_244	4.674505562603275	-1.267554057483018
sample_245	4.102751463569303	0.8607496906986365
sample_246	5.9321709693903	0.9800373379567067
sample_247	-4.162259722128642	0.9769953765271805
sample_248	-3.418749440605679	-2.9186813932844915
sample_249	-3.8820632579851706	-0.9107238390820125
sample_250	3.08817552281214	0.7007325502838805
sample_251	3.745761804462594	1.1828742415158666
sample_252	-3.2211089629804093	1.536757629453228
sample_253	-4.204348433836034	0.7214636816747924
sample_254	-3.8573271979309793	-0.05700162861819429
sample_255	4.654520029971457	-0.8699325786590196
sample_256	4.147448583091207	0.744439654026925
sample_257	-4.417895387821248	0.20535581133879016
sample_258	-3.86171134390644	-1.1901415431619777
sample_259	3.6032265873234395	0.02463731452677521
sample_260	-3.6660589257431013	1.7646762413731536
sample_261	2.5697438729723294	0.9295443976015189
sample_262	-3.9636643537560876	2.360137325663525
sample_263	-4.766473973781204	1.5065231278033981
sample_264	3.554011388491702	1.6794448108945017
sample_265	-3.0502262223541208	-1.1662315787122048
sample_266	-3.1867196084973375	0.771301276246649
sample_267	-3.0414278728831206	-0.37132872759583047
sample_268	-4.007464235871363	-0.8458338335304288
sample_269	-3.0289300847629756	1.89354791537268
sample_270	-2.8157372130183482	-0.3262330552632158
sample_271	-4.635252696922003	-0.8660887722319799
sample_272	-4.118502740234961	0.6390682710657628
sample_273	3.1835943233232644	-1.1385838317971122
sample_274	3.515324860185176	1.7045753488398216
sample_275	-3.8934344397007425	-0.2870041570441969
sample_276	-3.9821195851731797	-0.5440643262184963
sample_277	5.296704936627695	1.666555513719567
sample_278	3.560175900088227	-0.5086767720606032
sample_279	4.749023830453501	-3.5846051724446255
sample_280	-3.9358250978834266	-0.8796182352674553
sample_281	-3.9412709161826833	1.3585250584848525
sample_282	-4.547033432507601	-0.8998135855472382
sample_283	-3.80252694122336	-1.9715226825774685
sample_284	4.888187850274117	0.7771155685750554
sample_285	-4.141279442929256	1.3616670561884183
sample_286	-4.4616882907289375	0.050190782882638264
sample_287	-4.685697815897123	-0.2873595757545068
sample_288	3.732819280028275	-1.0286101579806175
sample_289	-3.5451852939863855	-0.1909343429763926
sample_290	3.844792888291916	1.06835084573262
sample_291	-3.163268693360201	1.4869389640717583
sample_292	3.0127466860249275	1.413561713842041
sample_293	-3.9400620050592896	-0.22993933865443097
sample_294	3.2676600351914997	0.5539984618692532
sample_295	2.395321398171837	-0.8468788980538743
sample_296	2.953082918663853	0.8679105392697668
sample_297	2.53503233672463	0.23096428638231073
sample_298	4.512978421623912	-0.4135229289088677
sample_299	4.166705327251048	0.0023485466289151673
sample_300	3.0035863202531585	-0.055053124402116516
sample_301	-3.7878999910413134	0.36681419803152526
sample_302	5.827361296216158	2.470413983213662
sample_303	3.0984022517856746	1.0285604083944015
sample_304	2.94453515585682	-0.25745959222130316
sample_305	-2.672337828095379	0.9056557667784955
sample_306	-2.8528228252958674	-2.2201267182907185
sample_307	4.177112058588714	-0.6749593772188288
sample_308	-3.53962758097869	-0.8840724641056549
sample_309	-4.784403472567593	-2.3613903604136612
sample_310	-2.0942565115951033	0.9741180631178248
sample_311	-3.8130713861746433	1.3991770738971452
sample_312	-2.8565315273103615	0.7844131084256053
sample_313	-2.9878922427522103	1.6229004936834588
sample_314	-3.672702552744776	3.1608219679847096
sample_315	-4.787419750863544	-0.10979449817627014
sample_316	-3.9480912521270626	-0.21422506912430425
sample_317	3.715073370045333	-2.2147040090117835
sample_318	-4.065976455947288	1.2766035692126385
sample_319	5.03010839003941	-3.189279896720657
sample_320	4.343017103559942	-1.7569891376705171
sample_321	-4.965823936968218	0.05427061810545684
sample_322	-3.2339215895017226	1.1067991192736646
sample_323	3.6547165395140873	-0.9285400889869885
sample_324	3.4124045810182295	-1.189734460405565
sample_325	3.871403827656648	-1.9054286094348343
sample_326	3.5729699996466042	-2.095815668637365
sample_327	5.116716153650186	2.1652684712052856
sample_328	4.984392647635998	2.282770600464929
sample_329	-2.6060371956547406	1.4556598952891806
sample_330	4.698726311714511	-1.3058239030618877
sample_331	-4.55663608439889	-0.39062115288412513
sample_332	3.0103611247073783	0.33991625368944806
sample_333	4.585809911336467	2.470327319584488
sample_334	-3.924736206754184	-0.18727204139054257
sample_335	2.351263251808963	1.815014897846721
sample_336	-3.732673886910812	0.2882821750009989
sample_337	5.054353352790821	-0.4288633270996613
sample_338	-3.0667727468002393	-1.0331840332546471
sample_339	3.419455071115234	-3.0646527089631586
sample_340	-3.239422644610623	-1.6479507315753794
sample_341	2.5431573868528456	2.727310841479942
sample_342	3.756973083633581	-0.42820691056946003
sample_343	4.171565754916853	-1.9923157919178356
sample_344	4.2693559021059535	0.9311244365131957
sample_345	4.731785627311314	-0.5071343406767254
sample_346	4.359247067559219	1.4254239960213808
sample_347	-2.713287262265464	2.3913162127861467
sample_348	4.718521428195229	-0.6675556720447198
sample_349	-4.583258370930357	-1.291422994651058
sample_350	3.9274075164648026	0.5149677578904629
sample_351	-5.060702563243501	-0.40692806944273746
sample_352	3.8166085780497125	-1.9002729098273328
sample_353	4.977020084663783	0.33683573079478674
sample_354	-3.3974482296359447	-1.0134733804434857
sample_355	4.366157894400058	1.1277945501081141
sample_356	5.711637006153721	0.5259486512052756
sample_357	5.119762599295707	-1.202553256693099
sample_358	-3.907261817813388	0.923879761598176
sample_359	2.9735109050877675	0.4237667551675652
sample_360	2.766194123244881	-1.7810562935865135
sample_361	-3.4989962587619186	0.883015460573517
sample_362	-3.3061049084928764	-0.028578616285826326
sample_363	-4.363103469718958	-1.5708688149580763
sample_364	4.732872203078551	0.6824832649770242
sample_365	-2.2715455061364094	0.18990446438756214
sample_366	4.549397098380822	0.818848583653495
sample_367	2.9057342062409086	2.628484021874126
sample_368	-4.5005791394892745	-0.9540764887037327
sample_369	3.655061743633709	0.3643536808032994
sample_370	5.606612095709209	0.5096193955739204
sample_371	-4.825382067239557	-2.4676708357377777
sample_372	-4.731823853938529	-0.9465252736030428
sample_373	-3.896675000022395	0.4400999900841169
sample_374	-4.273948105585797	2.589440055433024
sample_375	-3.9491550449070223	-1.4515494088347185
sample_376	2.864701999515215	-0.6853874175023983
sample_377	-4.25020912839795	-1.5078584120712197
sample_378	-3.5810457893574212	-0.5484936503806085
sample_379	3.852918430341703	2.3040406207457065
sample_380	3.984680283051887	0.7318504751709937
sample_381	3.4193633100673	2.681410688688599
sample_382	2.235137547497373	-0.20790838523992608
sample_383	-2.663787352252969	-0.6607103349455089
sample_384	-5.048129978197932	-1.0549169325606316
sample_385	3.6022933601384723	-0.32106863727255147
sample_386	3.5995611555401124	-1.5268068089371805
sample_387	3.863013757991487	2.983212674784062
sample_388	-4.686016499829227	0.45134176123805947
sample_389	5.094754119250548	-1.5334586465440252
sample_390	2.3378484780201965	-0.8893086434265349
sample_391	-4.943833839449647	1.3365669624150227
sample_392	5.32222354231492	0.5060949385103032
sample_393	3.6144709240277253	-0.26939794674964707
sample_394	-4.0171866264889715	-0.3378730398179164
sample_395	-4.708020623523911	-0.3070067006672413
sample_396	4.804136782353579	1.378417540226601
sample_397	-3.2941468957479367	-1.5213715369075091
sample_398	-4.9563640565851035	-1.7259826020546796
sample_399	-4.6026900043214924	0.6854435430806997
